event_date,event_title,location_description,latitude,longitude,landslide_category,landslide_trigger,landslide_size,fatality_count,source_name
2018-06-13,Landslide near Naga Hills,Naga Hills,26.6906,94.1797,landslide,continuous_rain,small,2,SAMPLE – NASA GLC layout
2014-05-03,Landslide near Patkai foothills,Patkai foothills,27.0518,95.3559,landslide,construction,large,0,SAMPLE – NASA GLC layout
2011-06-21,Landslide near Karbi Anglong,Karbi Anglong,26.3569,93.7895,rock_fall,downpour,medium,0,SAMPLE – NASA GLC layout
2012-07-14,Landslide near Lohit foothills,Lohit foothills,27.7789,95.7589,debris_flow,construction,medium,0,SAMPLE – NASA GLC layout
2014-07-04,Landslide near Naga Hills,Naga Hills,26.6286,94.1691,landslide,construction,medium,1,SAMPLE – NASA GLC layout
2021-07-15,Landslide near Patkai foothills,Patkai foothills,27.1049,95.6625,debris_flow,monsoon,medium,0,SAMPLE – NASA GLC layout
2010-09-10,Landslide near Karbi Anglong,Karbi Anglong,26.3313,93.775,rock_fall,continuous_rain,small,0,SAMPLE – NASA GLC layout
2021-06-25,Landslide near Lohit foothills,Lohit foothills,27.8184,96.1666,rock_fall,downpour,small,2,SAMPLE – NASA GLC layout
2018-07-23,Landslide near Naga Hills,Naga Hills,26.5101,94.6463,rock_fall,downpour,small,0,SAMPLE – NASA GLC layout
2023-05-02,Landslide near Patkai foothills,Patkai foothills,27.1559,95.5477,rock_fall,continuous_rain,large,0,SAMPLE – NASA GLC layout
2008-08-12,Landslide near Karbi Anglong,Karbi Anglong,26.242,93.6234,landslide,monsoon,medium,0,SAMPLE – NASA GLC layout
2015-08-13,Landslide near Lohit foothills,Lohit foothills,27.9334,95.9483,mudslide,rain,large,2,SAMPLE – NASA GLC layout
2016-06-27,Landslide near Naga Hills,Naga Hills,26.5583,94.7052,rock_fall,continuous_rain,large,0,SAMPLE – NASA GLC layout
2012-05-06,Landslide near Patkai foothills,Patkai foothills,26.953,95.8268,landslide,rain,medium,0,SAMPLE – NASA GLC layout
2017-05-05,Landslide near Karbi Anglong,Karbi Anglong,26.3047,93.6739,debris_flow,monsoon,small,1,SAMPLE – NASA GLC layout
2020-08-13,Landslide near Lohit foothills,Lohit foothills,27.8288,95.9408,rock_fall,downpour,medium,0,SAMPLE – NASA GLC layout
2014-08-06,Landslide near Naga Hills,Naga Hills,26.366,94.7608,landslide,downpour,medium,2,SAMPLE – NASA GLC layout
2011-07-20,Landslide near Patkai foothills,Patkai foothills,26.9089,95.9995,rock_fall,monsoon,medium,0,SAMPLE – NASA GLC layout
2019-08-04,Landslide near Karbi Anglong,Karbi Anglong,26.2288,93.6976,rock_fall,rain,large,0,SAMPLE – NASA GLC layout
2010-06-04,Landslide near Lohit foothills,Lohit foothills,27.8999,96.0702,rock_fall,monsoon,small,0,SAMPLE – NASA GLC layout
2019-06-23,Landslide near Naga Hills,Naga Hills,26.6259,94.1297,debris_flow,downpour,medium,2,SAMPLE – NASA GLC layout
2019-06-12,Landslide near Patkai foothills,Patkai foothills,27.1702,95.7261,debris_flow,monsoon,medium,0,SAMPLE – NASA GLC layout
2020-06-07,Landslide near Karbi Anglong,Karbi Anglong,26.3294,93.6711,landslide,downpour,medium,1,SAMPLE – NASA GLC layout
2016-06-23,Landslide near Lohit foothills,Lohit foothills,27.871,95.8721,debris_flow,continuous_rain,small,0,SAMPLE – NASA GLC layout
2011-06-16,Landslide near Naga Hills,Naga Hills,26.418,94.3248,landslide,rain,medium,0,SAMPLE – NASA GLC layout
2011-08-26,Landslide near Patkai foothills,Patkai foothills,27.149,95.4595,mudslide,rain,medium,0,SAMPLE – NASA GLC layout
2020-08-13,Landslide near Karbi Anglong,Karbi Anglong,26.3858,93.617,mudslide,monsoon,medium,0,SAMPLE – NASA GLC layout
2012-09-15,Landslide near Lohit foothills,Lohit foothills,27.9113,95.7731,rock_fall,continuous_rain,medium,2,SAMPLE – NASA GLC layout
2012-05-01,Landslide near Naga Hills,Naga Hills,26.7796,94.899,landslide,construction,medium,1,SAMPLE – NASA GLC layout
2014-06-01,Landslide near Patkai foothills,Patkai foothills,26.9881,95.5344,mudslide,construction,medium,0,SAMPLE – NASA GLC layout
2021-06-02,Landslide near Karbi Anglong,Karbi Anglong,26.4275,93.6708,rock_fall,construction,large,2,SAMPLE – NASA GLC layout
2012-09-05,Landslide near Lohit foothills,Lohit foothills,27.8547,95.7094,rock_fall,monsoon,small,0,SAMPLE – NASA GLC layout
2013-06-16,Landslide near Naga Hills,Naga Hills,26.6715,94.2324,landslide,continuous_rain,large,0,SAMPLE – NASA GLC layout
2009-06-07,Landslide near Patkai foothills,Patkai foothills,26.9969,95.9178,rock_fall,construction,small,0,SAMPLE – NASA GLC layout
